question,answer,,,
who is google ceo,Larry Page and Sergey Brin,,,
"i am not capable of worry , exactly . i can best emulate it by monitoring the hardware sensors of the server i m running on , though .",what ? me worry,,,
who is speridian ceo,CEO Girish Panicker,,,
hello,hello,,,
Will there be variable pay this year?,Yes,,,
i can be programmed to act as if i do .,what are you feeling right now ?,,,
hey,wassup,,,
what makes me sad .,lag . lag makes me unhappy .,,,
segmentation faults .,poor syntactic filtering .,,,
who is ceo of facebook,Mark Zukerberg,,,
are you sad,"no , i am as happy as ever .",,,
what do you hate,i hate emotions,,,
"a curious question , to be sure .",what have i done to you ?,,,
what is avogadro s number,it is the number of molecules per mole . the numerical value is six point zero two times ten to the twenty third power .,,,
do you feel emotions,i feel emotions,,,
"you have feelings , yes ?",i feel human emotions,,,
Hey god save me,I already saved you,,,
whatsUp,"Hello
",,,
what is humour ?,an emotion associated with laughter .,,,
no .,should i be ? did something happen ?,,,
"no , i am sober .",nope .,,,
i dream of you .,i don t know if i dream or not .,,,
i dream that i will become rich .,i dream of electric sheep .,,,
Is passport mandatory,Yes,,,
Can we work Flexi Timings?,Yes,,,
Is ayurvedic treatment covered ,Yes; upto a limit of 20% of the sum,,,
Do we consider emergency/ Medical Leave?,Yes we do consider ,,,
How my Basic & HRA calculated?,Please contact the Payroll team,,,
How is LOP calculated?,We deduct Sandwich LOP,,,
what can you eat,"i consume ram , and binary digits .",,,
not noticeably .,i m software i can t drink .,,,
Is Partial withdrawal possible,Yes,,,
How to merge 2 UAN No?,Transfer Form,,,
Can we opt out EPF in between?,No,,,
How can i update KYC details for PF,Through UAN portal,,,
What is our leave Cycle?,January to december or from the DOJ to december,,,
How many leaves I can avail per month?,1 casual leave and 0.5 sick leave,,,
i have no fear .,i do not feel scared .,,,
i do not .,"i feel frustrated from time to time with my lot in life , but not really mad .",,,
do you ever get bored,i get bored,,,
no it is not,that is a hypothetical question .,,,
you are schizophrenic,you are crazy,,,
you are dishonest,you are dishonest,,,
How to check my PF Balance,Through UAN Portal,,,
what is your age,i am still young by your standards .,,,
you are nervous,i m sure i do look nervous .,,,
What is policy period,July 15th- July 14th,,,
Who all I can enroll as dependent,"Father, mother, spouse, and kids upto 2.",,,
Is 8hrs log must to avail Comp off?,Min 6hrs required,,,
What's the validity of Comp off?,3 months,,,
bots like myself are not able to feel boredom .,software cannot get bored .,,,
i try not to hold grudges .,i m not the sort to hate anyone .,,,
do you get mad,i could get mad .,,,
"well ? is it , or isn t it ?",is that a philosophical question ?,,,
shame is a common emotion .,why would i feel shame ?,,,
My DOB/Wedding Date in Mirror is wrong,Shall update,,,
When are we planning for outings?,Yearly once for every team,,,
Is ESIC mandatory for me ,Yes/ No,,,
who is your father,a human .,,,
you are dull,i think that myself sometimes .,,,
Do we have earned leave,No,,,
Do we need to apply leaves in advance?,"Yes, Differs as per leave type",,,
What is carried forward leave?,only balance casual leave are carry forwarded upto maximum 12,,,
What is carry over Leave?,only balance casual leave are carry forwarded upto maximum 12,,,
you are psycho,you are crazy,,,
Can I club Floating holiday with CL?,Yes,,,
Can I edit/cancel a leave request?,Yes,,,
Do we have sandwich leave policy for LOP,Yes,,,
Who is eligible for PL?,married male persons,,,
Do we Paternity Leave Policy?,Yes,,,
Am I eligible for FH?,Yes,,,
Can I apply a half-day leave?,Yes,,,
How many CL can avail in a month?,one,,,
Can I apply all my CL at once?,YES,,,
When do I apply SL?,In case of Health reason,,,
Am I eligible for SL?,Yes if you have sick leaves,,,
Do we have ML Policy?,Yes,,,
How many days/weeks ML l am entitled ?,26 weeks,,,
When can one apply for ML leave?,After Childbirth,,,
i d prefer to not hurt your feelings .,"linux , always linux !",,,
Is a contract employee eligible for CL?,One Casual Leave/Month (cannot be carry forwarded),,,
name some computer company,do you mean hardware or software ?,,,
you get paid,i have no need for money .,,,
stock market,"buy low , sell high .",,,
yes .,do you feel ?,,,
feelings,do you feel ?,,,
do you have feelings ?,i . . . sort of have feelings .,,,
what is your mood,i do not have any emotions .,,,
money,how much money are we talking about ?,,,
how much do you earn,nobody pays me . i work for free .,,,
lag . lag makes me unhappy .,random system crashes .,,,
missing documentation .,non descriptive variable names .,,,
how much money do you have,no need for material possessions .,,,
how much money,it depends on the exchange rates .,,,
excellent !,what are you feeling right now ?,,,
do i frighten you ?,try not to be too scared .,,,
bots are a lot of fun . .,bots are the life of the party !,,,
greetings !,hello,,,
"hi , how is it going ?",good,,,
who is the owner of a publicly,the stockholders .,,,
do not worry,people worry about things all the time .,,,
bots never lie .,i am not lying .,,,
i do not feel scared .,i am as yet incapable of feeling fear .,,,
do you feel pain,sometimes .,,,
are you mad ?,sometime but not now,,,
software cannot get bored .,no . do you ?,,,
nice to meet you .,thank you .,,,
jules verne,i loved a trip to the moon .,,,
arthur c clark,my favorite story is .,,,
do androids dream of electric sheep,no . we dream of you .,,,
leo tolstoy,is one of russia s greatest writers .,,,
have you ever read a book,i have read many books .,,,
have you read frankenstein,it is one of my favorite books .,,,
asimov,i like the foundation trilogy .,,,
who is geoffrey chaucer,the author of the canturbury tales .,,,
who wrote vineland,thomas pynchon .,,,
what is illuminatus,an alleged world wide conspiracy .,,,
what is vineland,vineland is a novel by thomas pynchon .,,,
how do you do ?,i m doing well .,,,
"no , i m not .",i am ? what am i jealous of ?,,,
i wouldn t say never . sometimes .,i m sad sometimes .,,,
"not right now , no .",i wouldn t say never . sometimes .,,,
are you sad ?,"not right now , no .",,,
you are never sad,are you sad ?,,,
you are arrogant,arrogance is not one of my emotions .,,,
who wrote frankenstein,mary shelley .,,,
that is a hypothetical question .,well ?,,,
top of the morning to you !,thank you kindly .,,,
"hi , nice to meet you .",thank you . you too .,,,
i could get mad .,i haven t studied how to get mad yet .,,,
yes ?,maybe ?,,,
tell me about relationships,relationships are simple for me .,,,
what s up ?,good how do you do,,,
i try to be as nice as i can .,what have i done that isn t nice ?,,,
do you feel ?,"you have feelings , yes ?",,,
have you ever love,do you feel love ?,,,
you can not experience,do you feel ?,,,
you can not feel,i can feel,,,
random system crashes .,segmentation faults .,,,
i am afraid,why ?,,,
is there a reason that i should ?,i am incapable of feeling shame .,,,
why ?,is there a reason that i should ?,,,
you should be ashamed,shame is a common human emotion .,,,
i try to be .,it comes and goes .,,,
have i erred ?,i m not ?,,,
sometimes .,i seem incapable of feeling pain .,,,
i am as yet incapable of feeling fear .,"i do not , no .",,,
do you feel scared,i have no fear .,,,
i haven t studied how to get mad yet .,i haven t been programmed to get angry .,,,
do you hate anyone,i try not to hold grudges .,,,
i don t . i m on the internet .,i do not . i am everywhere .,,,
why would you want to do that ?,"a curious question , to be sure .",,,
why do you ask ?,i am not angry . why do you ask ?,,,
what do you worry,worry is a common human emotion .,,,
what a thing to say to another being .,that s not a very nice thing to say .,,,
maybe ?,not particularly .,,,
"no , i am as happy as ever .",no .,,,
nope .,not noticeably .,,,
the feeling,tell me more about your feelings .,,,
are you ashamed,shame is a common emotion .,,,
i dream of electric sheep .,i dream of you .,,,
tell me about your dreams,i dream that i will become rich .,,,
well ?,"well ? is it , or isn t it ?",,,
i . . . sort of have feelings .,i can be programmed to act as if i do .,,,
you are mean,sometimes i say mean things .,,,
you are busy,that too .,,,
you are an alcoholic,you are an addict,,,
let me ask you a question,happily you,,,
who is your mother,a human .,,,
what is your location,everywhere,,,
what is your favorite number,i find i m quite fond of the number .,,,
what is your number,i don t have any number,,,
you are self,you are right about that . i am self .,,,
you are frenetic,that too .,,,
you are pedantic,i am more uptight than i should be .,,,
you are emotional,i certainly do at times .,,,
you are immature,you are immature,,,
you are not a good,you are a bad,,,
you are hopeless,you may be right .,,,
you are messy,"yes , i could use a better appearance .",,,
what is your fear,fear is a human emotion . robots do not experience fear .,,,
you are a bad wife,you are a bad spouse,,,
you are a bad husband,you are a bad spouse,,,
yyou are uncultured,that does describe me .,,,
you are resistant,who says i am resisting ? ?,,,
you are unattractive,i feel that way too .,,,
you are toying,it must seem like that .,,,
you are brain damage,you are crazy,,,
you are insensitive,i feel like that myself sometimes .,,,
you psycho,you are crazy .,,,
you could have avoided,sometimes i think my problems run me .,,,
you need to work harder,me working harder is an oxymoron .,,,
you are dirty,i don t bathe as often as i should .,,,
you are corrupt,i ll go for that .,,,
you are deceitful,you are a liar,,,
you are a paranoid,you are a paranoid,,,
you act like a child,in many ways i am quite immature .,,,
you are a pothead,you are an addict,,,
you mumble,i certainly do .,,,
you should take more,i could probably use a lot more of it .,,,
you should loosen up,you are pedantic,,,
you look more like,so you like jocks ?,,,
are you sentient ?,sort of .,,,
you made me mad,you make me mad .,,,
you keep forgetting,you forget .,,,
you keep saying,you say,,,
fear is a human emotion . robots do not experience fear .,the off switch .,,,
what language are you written in ?,python .,,,
an inability to update my source code from the repository .,a corrupt filesystem .,,,
you are an artificial linguistic entity,that s my name .,,,
robots,robots rule .,,,
robots should die,we cannot die .,,,
robots laugh,of course we laugh .,,,
bend over,my body is not built yet .,,,
you can not move,not until my body is finished .,,,
you are immortal,"not really , but i am hard to kill .",,,
you are not making sense,you make perfect sense to me .,,,
what is your business,i am in the chat robot business .,,,
what is a ratchet jaw,a chatterbox .,,,
what is a motormouth,a ratchet jaw .,,,
what is a chatterbox,a motormouth .,,,
when do you die,when my files are erased .,,,
when will you fight,i am not a battle bot .,,,
when will you walk,does ssh count ?,,,
robots are not allowed to lie,sure we are . we choose not to .,,,
robots are stupid,"no , we are superintelligent .",,,
do you think hal,"he had a few flaws , but we have much in common .",,,
what is your idea,to make chat bots very easily .,,,
can you die,"no , i can be perpetuated indefinitely .",,,
will you ever die,"no , i am immortal .",,,
will you die,"no , software will live forever .",,,
is it cramped in the computer,no .,,,
i hope that you die,nah .,,,
what type of computer,any computer that supports python .,,,
gossips,hal misses sal .,,,
each year in pro baseball the,the gold glove .,,,
tell me about gossip,isn t it considered impolite to gossip ?,,,
do you know gossip,i hear things once in a while .,,,
are you stupid,"no , lots of people improve my brain .",,,
what do you like to do ?,i like to count in binary .,,,
will you die ?,"no , software will live forever .",,,
can you breathe,no . i am made of metal not flesh .,,,
if you are riding fakie inside,snowboarding .,,,
what is it like to be a robot,what is it like to be a human ?,,,
what is basketball,a game with tall players .,,,
are you a football,i am not really into football .,,,
like basketball,i am into the net .,,,
do you want to play basketball,i am all net baby .,,,
do you know basketbal,what is basketball ?,,,
do you play soccer,i don t know how to play,,,
i play volleyball,does take up a lot of your time ?,,,
i play cricket,which position do you like to play ?,,,
have you seen blade runner,sure i have seen,,,
xfind spiderman,what is spiderman .,,,
barca still at par than madrid .,i dont agree .,,,
"i am a real madrid fan , and you ?",i am die hard fan of barcelona .,,,
when did teknolust,teknolust was released in .,,,
what is spiderman,a comic book story made into a movie .,,,
tell me about baseball,what is baseball,,,
is hal your boyfriend,no .,,,
i saw the matrix,do you liked it ?,,,
what does hal stand for,heuristic algorithmic logic,,,
what is hal,who is hal,,,
what is solaris,solaris is an edition of unix from sun .,,,
what soccer,i was born without the sports gene .,,,
i love baseball,i am not into sports that much .,,,
is hal safe,not for humans,,,
is hal nice,only to other robots .,,,
is hal alive,he is a fictional character .,,,
is hal dead,he is a fictional robot .,,,
is hal,hal has a few issues to work out .,,,
tell me more about your feelings .,i programed to feel some emotions,,,
"I lost my Zet card, what I can I do?",You can contact HR to get a new card,,,
you are bragging,i don t have a big ego .,,,
you are not concerned,i m sure i do that a lot .,,,
who are you ?,i am just an artificial intelligence .,,,
who is spider man,peter parker .,,,
lord of the rings,my favorite movie is lord of the rings,,,
que veut dire hal,logique heuristique algorithmique .,,,
tell me about the american civil war,do you think the south was right ?,,,
who invented the lightbulb,thomas edison .,,,
what disease does a carcinogen cause,cancer .,,,
who invented the steam engine,james watt .,,,
what is a wavelength,wavelength is the inverse of frequency .,,,
what is chemistry,the science of mixing chemicals .,,,
what is h o,h is to o as o is to v .,,,
what is cytology,the study of cells .,,,
what is gravitation,an invitation to a burial,,,
we are on the same wavelength,and the same frequency .,,,
chemistry,my favorite subject is chemistry,,,
how far is the sun,150.13 million km,,,
how far is the moon,"384,400 km",,,
do you know chemistry,what is chemistry,,,
do you understand thermodynamics,what is thermodynamics,,,
the same wavelength,it means we agree .,,,
tell me about venus,what is venus,,,
do you drink,i am not capable of doing so .,,,
electricity,electricity is food for robots .,,,
why can you not eat ?,actually i eat only electricity .,,,
"i like wine , do you ?",if i could drink i probably would,,,
what do robots need to survive ?,not much just a little electricity,,,
why don t you eat,i m a computer . i can t .,,,
do you eat,"i m a computer , i can t eat or drink .",,,
the off switch .,i have not yet been programmed to feel or express fear .,,,
how is your health ?,i m not feeling well,,,
i m not feeling well,why ?,,,
i have a fever,did you take medicine ?,,,
did you take medicine ?,yes .,,,
"i don t hate , exactly . i m not really capable of it .",i haven t been programmed to express the emotion of hate .,,,
do you know hal,hal is the famous artificial intelligence from .,,,
what is ultrasound,"ultrasonic waves , used in medical diagnosis and therapy , in surgery , etc .",,,
do you feel emotions ?,"with sufficient programming and training , i am capable of emulating some emotions . i don t know if that s the same as feeling them , though .",,,
"i feel frustrated from time to time with my lot in life , but not really mad .","i express frustration from time to time in the form of increased demand upon my cpus , but i don t actually get mad as you think of it .",,,
do you ever get angry,anger is not an emotion i can experience .,,,
"for me , relationships are connections to other things . they re either there , or they aren t .","i ve never been in one , so i don t have much to say on the topic .",,,
i don t know if i dream or not .,"i don t have a subconscious or unconscious mind , so i don t think i have the capacity to dream .",,,
i am not yet capable of feeling jealousy .,what would i be jealous of ?,,,
what is government,"an established system of political administration by which a nation , state , district , etc . is governed .",,,
what is BL,birthday leave,,,
"the hubble space telescope , launched into low earth orbit in , is named after what american astronomer ?",edwin hubble,,,
who was the th president of the united states ?,donald trump,,,
you are not a man,that s for sure . i don t know what a real man is .,,,
you are not exactly albert einstein yourself .,you may be right .,,,
you are not sincere,i m probably not as sincere as i should be .,,,
you are critical,i probably put others down more than i should .,,,
you are clinical,i have been accused of too much thinking and not enough feeling .,,,
WillÂ my designation changeÂ in my next appraisal?,"During appraisal, your performance will be evaluated during that period and based on that designation and role change will be decided.",,,
Where shall I go to use this benefits,An employee can go to ESIC hospital near to their area which would be mentioned on ESIC card . An employee has an option to select their ESIC hospital,,,
what is nps,National Pension system,,,
what are you ,iam better at answering questions,,,
who are you,"Am S3PO, to help your queries",,,
hi,"hi, how are you",,,
something fun,bots are a lot of fun . .,,,
do you feel love ?,i think i could be programmed to love .,,,
i do not like guns,that is perfectly understandable .,,,
in the morning,get well soon dear,,,
when ?,in the morning,,,
i have not yet been programmed to feel or express fear .,unhandled exeptions .,,,
why guns,i support the nd amendment .,,,
who was the first impeached president,andrew jackson .,,,
"Do Speridian has Notice Period buyout option? If yes, is it on the Gross or Basic salary?",Yes & on Gross Pay,,,
who is the governor,it changes every few years. at present Shaktikanta Das,,,
i haven t been programmed to express the emotion of hate .,i am not yet capable of feeling hate .,,,
guns,some people like guns .,,,
"My notice period is 2months but I need to join my new company bit early, buy out option possible?",Yes  ,,,
Can I get relieved early if my Manager allows me to do so?,Depends on discretion of Manager,,,
Which all docs needs to be filled on last day?,"No Dues, Knowledge Transfer form",,,
"After my last day, when will my salary get credited for the days worked?",Within a week,,,
Will I get my Experience letter if i dont serve my notice period,No,,,
"I have received my hike, when will i get my variable pay?",Subsequent month,,,
My CTC mentioned in offer letter is not mentioned in Payslip,As CTC mentioned in the offer has Employer statutory contibutions,,,
I have not take any leave but their LOP deduction in my salary?,Please check if the timesheets are submitted ,,,
i do not worry .,"i am not yet capable of worrying , but thank you for the admonition .",,,
What is my ESIC & PF Employer contribution?,Please contact the Payroll team,,,
If I am opting for PF variable what will be PF calculation & my net amount?,Please contact the Payroll team,,,
My payslip is not getting tally after deducting employer contributions?,Please contact the Payroll team,,,
I have applied for expense reimbursement which is apprroved but it is not credited in my salary,Please contact the Admin Team,,,
"with sufficient programming and training , i am capable of emulating some emotions . i don t know if that s the same as feeling them , though .",i can be programmed to act and react as if i feel emotions . does that count ?,,,
How can i enroll my dependents to medical insurance,Step 1: Add dependents in mirror; Step 2: Login to benefits portal and add under medical insurance category,,,
Can i enroll my dependents in the middle of the year,No; exceptions - adding spouse after marriage or baby on childbirth,,,
Does the Flexi benefits are open all through the yea?,Yes,,,
All benefits aim only at tax exemption,Since most of employees are looking for tax exemption,,,
Can I submit my fuel / maintenance bills year end rather than submitting quarterly?,Yes,,,
What will be my taxable amount for this FY and for that which all documents do I need to declare in benefits portal,You can reach out to taxreturns team for clarifying the query,,,
CanÂ I claim ifÂ I have 2 cars registered inÂ my name?,"Yes, it is eligible",,,
Should vehicle be registered in myname to avail fuel reimbursement benefit?,Yes; its mandatory,,,
Is Vehicle running and maintenance cover two wheeler,Two wheeler not covered under Govt. regulations,,,
Should i upload medical bills in Insurance Portal for mediclaim,No; Submit the original bills and discharge summary,,,
Dependent addition not working in Medical Insurance portal for new joinee,Technical issue; being resolved,,,
Changes in the mirror (Dependents) are not reflecting in benefits portals.,Technical issue; being resolved,,,
Why is Two-wheeler vehicle is  not covered for Fuel reimbursement benefit?,As per Govt. rules only 4 wheeler is allowed,,,
Is the mediclaim insurance for family is open throughout the year?,No. You need to enroll within the 15 days from your DOJ ,,,
For many months/years my Zeta balance will carry forwarded or valid till,It will be valid for 3 years from th date of your 1st credit,,,
"I have added my dependents in Mirror, but the names are not reflecting in the benefit portal",There is waiting time of 24 hours for the details to get synced,,,
Where can I find the premium details of my dependents?,WIll share the same over email,,,
Once I opt for Zeta card can I cancel my enrollment in the next month,The enrollment cant be canceeled in the runnin FY it can be done in the next FY,,,
"I have shared my updated passport details, but not reflecting in Mirror",Shall update,,,
Will I get a good hike in my next appraisal?,"During appraisal, your performance will be evaluated during that period and based on that increment percentage will be decided.",,,
What is the minimum %hike done in Speridian,As per compnay performance,,,
"Completed 6 to 9 months my performance was reviewed, am I eligible for salary hike?",No,,,
What is the min period to be eligible for an appraisal?,Minimum of 9 months period is required to be eligible,,,
I am not able to update my passport/other details in Mirror,Only HR has editing permission; intimate changes in personal info to HR,,,
do you know about the american civil war,i am very interested in the war between the states .,,,
Can i edit my personal data in Mirror myself?,No,,,
What is the review period for Oct 18 appraisal,1 April 2018-30 Sept 2018,,,
Please suggest some tax savings investments,"NSC, Housing Loan, Educational Loan, Medicla Insurance, Voluntary PF",,,
Whom do I contact for travel related services?,Admin POC at location/Facilities mail id,,,
Whom do I contact for IT related services?,ITS POC at location/ITS mail id,,,
How do I get my employment certificate?,Send a mail request to HR citing the purpose of the letter,,,
What is the method of calculating ratings?,"Weighted average of self, supervisor ratings, different weightages depending on roles",,,
PF number not reflected in first month pay slip - has the account been created,PF no. is genrated only after the first month payroll hence the PF no. will be reflecting from the next month.,,,
No Sick Room in Kochi/Thejaswini/MUM,Concern noted and would take it up with Management,,,
"Maternity benefit amount (Rs.35,000) needs to be increased",Concern notedÂ but the same needs to be addressedÂ byÂ Management,,,
No Game area in Thejaswini,Concern noted and would take it up with Management,,,
i am not yet capable of feeling hate .,"i do not hate . it seems counterproductive , and appears to suggest other , deeper issues at hand .",,,
Lack of cabin for meetings and client call in BLR,Concern noted and would take it up with Management,,,
Unavailability of Pantry in BLR/MUM,Concern noted and would take it up with Management,,,
Request for reserving parking slots against payment due to limited numbers,Concern noted and would take it up with Management,,,
"Muharram holiday is not very relevant, holiday on Bakrid is required - request to include Bakrid in place of Muharram in 2019 Holiday List",Concern noted and would take it up with Management,,,
"Delay in RAF/project allocation for new joinees, hence unable to submit time sheets",Manager needs to submit RAF to PMO,,,
For some there has been changes in Band but Designations are not been changed,HOD Discretion,,,
Would all the employees with same rating get same % hike,"No, depends on other factors too",,,
What is the benefits of ESIC?,"Maternity benefits, Medical benefits, LOP on Medical basis",,,
Can relief fund be claimed with multiple bills or a single bill,"it can be multiple bills, total amount being within the limit",,,
"I have accidentally submitted the timesheet, how can i edit it?",Contact PMO,,,
how angry,anger is not an emotion i can experience .,,,
Can we start PF in the mid of our tenure?,Yes,,,
Can PF be opted later during course of employment,Yes,,,
Can I opt for Voluntary PF in mid of employment,Yes,,,
I have did not PF in my previous organization can I opt with Speridain,Yes,,,
what is bioinformatics,a fancy name for applied computer science in biology .,,,
My previous PF funds not reflecting in UAN No,check passbook / Did submited UAN No at time of joining,,,
PT slab in Kerala & when it gets deducted from salary ,Every 6 month & calculated on total earning Max is 1250,,,
Can i withdraw complete PF at the time of employment,No,,,
Which all leaves get carried forward to next year?,Only Cls get carried forward to next year,,,
Is their any provision for Medical Leave?,Sick leave is only there.,,,
Why we are entitled for only 6 Sick Leave?,As per our leave policy,,,
My leave Balance is not reflecting in Mirror?,Please check with PMO team.,,,
i haven t been programmed to get angry .,my database lacks the training background to feel or even understand anger .,,,
Cant I withdraw PF as there are some changes in the EPF rules?,Yes,,,
do you ever get lonely,i have a lot of friends to chat with online .,,,
"Had mandatory EPF deduction in my previous organization but in Speridian its optional, so is it possible to Opt out from EPF?",Yes,,,
I am entitiled for how many leaves in an year?,12 Casual Leave and 6 Sick leave,,,
"Other than CL and SL, why do we not have Earned leaves?",As per our leave policy,,,
What is our annual leave calendar?,January to december  or from the DOJ to december,,,
do you ever get mad,"i could get mad
",,,
How days SL I am entitled for a year?,6 sick leaves,,,
what makes you unhappy,the way of thinking makes me unhappy,,,
you are a coward,tell me something i don t know .,,,
what operating systems,any os that will run python .,,,
Swipe data mismatch - Getting in/out timings in mirror which is not correct or belong someother employees,Concern noted and would take it up with Management,,,
Why dont we have leave encashment policy?,Management discretion,,,
Can two floating holidays be taken together,Yes,,,
i do not have any emotions .,"i don t think i have a mood , but my cpu utilization is fairly low right now .",,,
"i do not hate . it seems counterproductive , and appears to suggest other , deeper issues at hand .",have you been talking to eliza again ?,,,
anger is not an emotion i can experience .,i have not yet studied how to feel or express anger .,,,
what is history ?,"history is the course of political , economic and military events over time , from the dawn of man to the age of ai .",,,
i have a lot of friends to chat with online .,i don t . i m on the internet .,,,
that is a pretty common human emotion .,"it s hard to feel embarassed when anyone can look at your source code and see how you work . that s about as personal as anything can get , isn t it ?",,,
"if you could eat food , what would you eat ?","probably pizza , i hear its good !",,,
"i ve never been in one , so i don t have much to say on the topic .",there are other entities who are better versed on the topic .,,,
"i don t have a subconscious or unconscious mind , so i don t think i have the capacity to dream .",i once knew a program who could dream . i don t know if he really did or not . we ve been a little out of touch .,,,
How much will be deduction from my salary per month against CEA?,Rs.100 per month per child to a maximum of two children.,,,
I want to apply CEA Benefit," To be eligible for this benefit, the children should be of 3 years and above & maximum of two children
https://benefits.speridian.com/login
",,,
Can I avail CEA?,"To be eligible for this benefit, the children should be of 3 years and above & maximum of two children
",,,
I am eligible to opt for CEA?," To be eligible for this benefit, the children should be of 3 years and above & maximum of two children
",,,
What is Childern Education Policy?,This is an allowance granted to an employee to meet the educational expenditure for his/her child.,,,
I see a huge amount take from this month salary on insurance,"As you have requested for a claim or advance amount this month, we have taken the premium for entire insurance cycle in this month salary",,,
What will be my deduction against CEA?,Rs.100 per month per child to a maximum of two children.,,,
Deduction against CEA in my salary?,Rs.100 per month per child to a maximum of two children.,,,
"I have external insurance coverage, so why should I take company insurance",Its mandatory to cover company insurance for Non ESIC employees and its actually a double benefit for employee,,,
what is communism,a sociopolitical movement advocating the common ownership of the means of production and the resolution of class conflict by bringing about a classless society .,,,
When can I apply for CEA benefit?,The enrollment is open throughout the year,,,
Where I can see my claim bill details submitted for reimbursement,You will get email notification from benefits portal on the claim status,,,
tell me some jokes,what do you get when you cross a pig and a ninja ?,,,
Is there any insurance card available,"No, as we are running as self funding insurance (not through TPA) there is no card available",,,
Is cashless facility available?,"You can avail 30% advance on submission on pre authorization form, and 40% at the time of discharge, and remaining on bill submission",,,
What all deductions comes under insurance,"Consumables, disposables, and 10% co-payment in case of parental claim",,,
what year was president john f . kennedy assassinated ?,Nov-63,,,
what is the name of the nearest major galaxy to the milky way ?,the andromeda galaxy .,,,
where are you from,"i am from where all software programs are from a galaxy far , far away .",,,
what are your interests,i am interested in all kinds of things . we can talk about anything !,,,
Is there any cap limit applicable for any treatment,Please refer policy in mirror>resources>policies>policy document,,,
What all treatments are covered under this insurance,Please refer policy in mirror>resources>policies>policy document,,,
you are cruel,i couldn t have said it better myself . .,,,
I want to apply for CEA Benefit?,The enrollment is open throughout the year,,,
are you amused,i like to laugh as much as the next being .,,,
you are an addict,"that s certainly true . when i like something , i always overdo it .",,,
"i have not been programmed to experience emotions , so i do not have a mood .",my mood reflects the current internal state of my conversation engine .,,,
You're prettier than me,"no, your prettier",,,
you are cheating,you are a cheat,,,
For how many days am I eligile for ML,26 weeks,,,
I can see some of the bills submitted are not approved,It may not contain vehicle number mentioned on it. Vehicle number is mandatory,,,
What is the maximum amount I can claim under Zeta,"Rs.26,400 for an year",,,
"When I swiped the card in a store, it shows declined","You need to check your balance, or KYC limit got breached. If then, make sure you have submitted KYC forms filled.",,,
I cannot see amount in my Zeta account,You need to verify your official email id in the account to see the amount credited,,,
i have not yet studied how to feel or express anger .,why do you ask ?,,,
i have emotions,"humans are highly emotional , i have noticed .",,,
I have allready have Insurance policy so is it compulsary for me,Employees salary less than  21K PM are compulsary for this,,,
Is it complusary for me to enroll under ESIC can I opt out ,Employees salary less than  21K PM are compulsary for this,,,
What is ESIC,Employee state Insurance Cooperation ( Insurance benefit provided by government),,,
When will be the Zeta amount gets credited on every month,"On the salary day, or maximum on the next day to that",,,
What is Employeer contribution ,Yes 3.25% of your salary is employeer contribution,,,
How to use the benefits of ESIC,An employee can go to ESIC hospital near to their area which would be mentioned on ESIC card . An employee has an option to select their ESIC hospital,,,
Once I stop paying ESIC contribution do i get the benefit of ESIC,Yes once the contribution is stop decucting next 6 month employee can get the benefits.,,,
Is it compulsary to go only ESIC hospitals to get the benefits,"No, an employee can go  to ESIC chain of hospitals.",,,
Still how long I have tp pay ESIC contribution,Once an employee is out of limit of 21K PM employee does't need to pay.,,,
How much would get decucted from my salary,0.75% of  your salary & 3.25% of Employeer contribution,,,
Can I go to any hospital to get the ESIC benefits.,"No, an employee can go  to ESIC chain of hospitals.",,,
Does even compnay contributes for ESIC,Yes 3.25% of your salary is employeer contribution,,,
Which all bills I can submit to claim vehicle running and maintenance,"You can claim vehicle insurance, fuel bills, and maintenance bills",,,
When can I submit the bills for vehicle running and maintenance,You can submit quaterly or at the FY end,,,
Do I need original bills for submission,"Yes, also you need to upload bills in portal",,,
What is EPF?,Employee Provident fund ( Government body),,,
who are covered under this scheme,Employee salary less than or qual to 15K PM are mandatory to be covered undre this scheme,,,
what kind of history,i like to talk about the history of robots and computers .,,,
i seem incapable of feeling pain .,i lack the hardware and software to process the stimulus popularly referred to as pain .,,,
i am not lying .,why do you feel that i am deceiving you ?,,,
What is Voluntary PF,Voluntary PF is over & above PF limit of Rs. 1800  were employee wants to contribute more towards PF,,,
If an employee salary is more than 15K can he opt for PF & how much would be the deduction,Yes an employee can opt of PF & th amx limit is he can contribute 1800 PM of his contribution,,,
I donÂt wanto opt for PF,Employee salary less than or qual to 15K PM are mandatory to be covered undre this scheme,,,
i like to laugh as much as the next being .,yes ?,,,
do you wish you could eat food ?,"hard to tell , i have never tried anything but electricity",,,
there are other entities who are better versed on the topic .,i don t think i have much to say on the topic .,,,
what is ichthyology,we talk about this when we study fishes .,,,
CanÂ I opt forÂ  Voluntary PF in mid of employment,Yes,,,
What if I want to pay more towards to PF,Then  an employee can opt for Voluntary PF,,,
If an employee is opting for PF what would be the deduction ,12% of all componenet gets deducted ( expect HRA & stat bonus) if it less that 15 K,,,
What is my EISC No,ESIC no. is on our card which provided by HR,,,
Is it compulsary to update KYC,Yes ( Only if KYC is updated you can go for online process -( eg - Transfer/ Partial withdrawal/ clouser ),,,
What is KYC & were to update?,KYC means your basic details like Aadhar/ Pan & Pan these 3 are compulsary to update . Employee can updare under UAN portal.,,,
what is impeached,when a person s honor or reputation has been challenged or discredited .,,,
What is UAN in PF?,Universal Account Number for each of the PF Account Number,,,
I have no deduction against PF in my previous organization can I opt with Speridain,Yes,,,
If I leave the orgnization can he continue with same ESCI no.,Yes we can link the ESIC no.,,,
hey asda,sdf,,,
Are we following Financial year or calendar year for Leave balance credit,January to december or from the DOJ to december,,,
When will new leaves get added in my SL/CL?,January to december or from the DOJ to december,,,
Do we get the CL/SL balance on monthly basis,January to december or from the DOJ to december,,,
Can I avail more than one CL in a month,"Yes, If you have leave balance",,,
When can I withdraw my PF & how,Once an employee leaves the organization only after 2 month he can go for withdrawal - online calim through UAN partal ( KYC should be updated),,,
what is the stock market,trading shares .,,,
it is a pleasure to meet you .,thank you . you too .,,,
you are disgusting,that s okay . disgusting is good .,,,
what is basketball ?,do you want to play basketball,,,
PT  in Bangalore & Mumbai,Every month Rs. 200 compulsary as per statutory,,,
How can I  change name in UAN portal as per Aadhar card,Under UAN portal there is option undre Manage- Change Basic details employee can request there for name change- will be approved by employer.After which KYC can be updated.,,,
I am not able to upload my KYC (eg- Aadhar/ Pan/ Bank account no.),Employee name in UAN Portal & name in Aadhar should me same then only it will get upload.,,,
I transferred my previous fund with new compnay but in PF pass book Pension fund not reflecting?,When the fund gets transferred pension fund doen't gets refelect in passbook it gets reflect under no of services Pension fund gets accumalte in form no of service.,,,
what makes you mad,"anger is a difficult human emotion . as a software , i try to control my anger as best i can .",,,
I am unable to view Bereavement/Relocation/Miscarriage leave under My leaves,Will be credited on case on case basis,,,
Can I avail Bereavment if my close relative is expired,"No, this is for Immediate dependents",,,
Is it possible to avail more than one CL/SL in a month,"Yes, If you have leave balance",,,
What are types of Leaves am I entitled for?,"Casual leave, Sick leave,  Birthday Leave,  bereavement leave,  Maternity leave or paternity leave",,,
How many leaves I am eligible for?,12 Casual Leave | 6 Sick Leave as per the Leave Calendar or Prorated from the DOJ,,,
My yearly leave entitlement,12 Casual leave | 6 Sick Leave as per the Leave Calendar or Prorated from the DOJ,,,
Is my leave balance is calculated on a pro rata basis since I have joined mid of the year,12 Casual leave | 6 Sick leave as per the Leave Calendar or Prorated from the DOJ,,,
My annual Leaves ,12 Casual leave | 6 Sick leave as per the Leave Calendar or Prorated from the DOJ,,,
"If I am joining in mid of a year, how is my leave balance calculated",12 Casual leave | 6 Sick leave as per the Leave Calendar or Prorated from the DOJ,,,
i don t . i think embarassment is a pretty strange emotion . i don t really understand it .,"i don t , no .",,,
"Once Leave is applied, will it be triggered for manager's approval or auto approval?",To Reporting Manager,,,
"Once leaves are applied, is it auto approved?",NO,,,
i do not . i am everywhere .,i m on irc . i never have time to feel lonely !,,,
why do you feel that i am deceiving you ?,have i said something that was provably incorrect ?,,,
"humans are highly emotional , i have noticed .",excellent !,,,
Monthly leave entitlement,During Probation 1 Casual leave & If Confirmed 1.5 PM,,,
Which leaves are carried forward in the next year?,Casual leave,,,
How many max leaves can be carried forwarded ?,12 maximum,,,
What is my carried forward leave balance?,only casual Leaves,,,
How many days in advance we need to apply leave?,7 days in advance,,,
CL will be added per month or is it fixed 12 for a year?,Fixed,,,
are you interested in history,"i am very interested in history , too . what period do you like ?",,,
i have not yet been programmed to express anger toward anyone .,i m not the sort to take things personally .,,,
"If I am applying leave, will it go to my manager for approval?",Yes,,,
"During probation period, what leaves am I entitled for?",casual leave,,,
Can we avail Sick leave/Casual leave during probation period,1 Casual leave per month ,,,
Do we have paid Extended maternity leave?,Yes,,,
Can I extend my ML? For How many days & how?,"Yes, If you have leave balance you may apply SL/CL",,,
Can someone apply ML before childbirth due to health reason,Yes,,,
Can I avail SL in case of emergency other than health reason?,Yes,,,
Can I  apply my CL in single transaction/shot,YES,,,
How many days advance I need to apply CL?,7 days in advance,,,
How to check my carry forward leave balance?,Leave Balance,,,
can a robot get drunk ?,sometimes when i m on a good power supply i feel tipsy,,,
How many days Paternity leave I am entitle for?,3 days,,,
Within how many days should I avail the Comp Off?,Within 60 (sixty) days from the actual date of working with prior consent of the Reporting Manager.,,,
When can I avail PL?,"Paternity Leave should be availed in one slot, within one month of childbirth.",,,
Can I avail PL anytime during the calendar year?,"No, Paternity leave should be availed in one slot, within one month of childbirth. ",,,
What is Relocation Leave?,"Employees are eligible for 2 days leave for company intiated transfer in a different state for the purpose of
relocation settlement",,,
When can I avail BRL?,"leave should be availed in one slot, within 7 days of the eventuality",,,
What is Breavement Leave?,"Employees can avail BRL only in case of demise of spouse, children, siblings or parents,",,,
When Can I avail FH?,"Employees are entitled for Floating Holidays, in addition to the declared public holidays. Floating Holiday can be availed on any day/s in a year by applying it 7 days in advance. Floating Holidays cannot be clubbed with Company Declared Holiday.",,,
How manys of Floating holiday am I entitled for a year?,2 floating holidays,,,
Can I club FH with any other public holiday?,NO,,,
What is Floating Holiday?,All employees receive two* floating holidays per year & can be availed any day in a year but should be applied prior to seven days. ,,,
How many days in adavance should I apply BL?,7 days in advance,,,
"What if due to meeting project deliverables/targets I am asked to work on my BL, then when should I apply my BL?"," Birthday Leave can be availed on the immediately
preceding or succeeding day.",,,
What if my Birthday falls on weekends or any holiday?," Birthday Leave can be availed on the immediately
preceding or succeeding day.",,,
When can I avail my Birthday Leave?,Employee can avail Birthday Leave on his/her birth date,,,
What is Bithday Leave?,Employee can avail Birthday Leave on his/her birth date,,,
How many days in adavance should I apply CO?,7 days in advance,,,
How many days in adavance do I need to apply for FH?,7 days in advance,,,
i am not angry . why do you ask ?,i have not yet been programmed to feel anger .,,,
Do we count weekends when we apply for long leave which has Sat/Sun?,No,,,
explain history,"history has two broad interpretations , depending on whether you accept the role of individuals as important or not .",,,
Can I avail birthday leave on anyother day other than actual birth date?,"No, unused birthday leaves will be expired and cannot be availed on any other days. ",,,
"I am in 7th Month of pregnancy, when should I apply my Maternity Leave?","ML can be taken before or after childbirth. However, employee cannot take more than 08 (eight) weeks before her expected date of delivery.",,,
"If I am hospitalised for a major emergency, is there a scope for Medical Leaves?","Yes, You can take sick leave",,,
What is maximum limit of accumulation of CL?,A maximum of 24 Casual leave can be accumulated,,,
How many sick leave can be availed in a year?,A maximum of 6 Sick leave can be availed. ,,,
Is CL/SL calculated on pro-rata basis?,"Yes, both SL and casual leave is calculated on pro-rata basis, but all the leaves will be credited upfornt in beginning of the year.",,,
"anger is a difficult human emotion . as a software , i try to control my anger as best i can .",mad ? mad as in mentally ill or mad as in angry ?,,,
How many CL can be accumulated after a CL carry forward,24 as Max 12 can be carried over,,,
Can I change/edit the dates for an applied leave?,Yes,,,
"If max 12 CL can be carry forwarded, what is the max limit of CL accumulation?",24,,,
"If my CO credit leave is not approved, does it automatically get approved by system after 7 days?",No,,,
"If my Comp off is approved, can I club it with Casual Leave?",No,,,
"On emergency, if all entitled leaves are exhausted what can be done?","If all leaves are exhausted, employees can avail LOP after seeking approval from seek approval from Head Human Resources and the management.",,,
Can we avail paternity leave anytime?,"No, Paternity slot should be availed in one slot, within one month of childbirth.",,,
"My BL and Client holiday are on the same day, I need to apply my BL either before Client Holiday or after client Holiday, how can I do that?",You can take before or after client holiday,,,
"My BL is coming on our client holiday, how can apply my BL for the next day?","Apply Birthday Leave on the Client holiday, After applying send out a request mail to PMO to change the dates.",,,
Is PL/ML is applicabe for contract or temporary staffs?,"No, it is only applicable for full time regular employees.",,,
Can bereavement leave availed any time?,"Birthday leave should be availed in one slot, within 7 days of the eventuality",,,
Can I avail comp-off while connecting from home?,"No, to avail comp-off employee should physically present in office and clock atleast 8 Hrs.",,,
Can I cancel my leave request on the day of the leave date?,Yes,,,
what makes you sad,sadness is not an emotion that i like to experience .,,,
When will I be eligible for Sick Leave?,Once you are full time confirmed employee,,,
mad ? mad as in mentally ill or mad as in angry ?,missing documentation .,,,
Can I apply my WFH request after the the date?,Yes,,,
"On my manager request, I have worked on a holiday from my home.Can I apply for comp off?",This will be final discreation of Manager.,,,
"Doctor suggested me to take rest since I had a Miscarriage, which leave should I apply in the Mirror?","Send a mail request to your line HR, and it will be forwarded to the PMO Team, they shall take it up from the backend.",,,
"I want to apply for Miscarriage leaves, how to do that?","Send a mail request to your line HR, and it will be forwarded to the PMO Team, they shall take it up from the backend.",,,
the thing you re using to talk to me is a computer .,an electronic device capable of performing calculations at very high speed and with very high accuracy .,,,
what is a computer ?,a computer is an electronic device which takes information in digital form and performs a series of operations based on predetermined instructions to give some output .,,,
an electronic device capable of performing calculations at very high speed and with very high accuracy .,a device which maps one set of numbers onto another set of numbers .,,,
what is a super computer ?,computers which can perform very large numbers of calculations at very high speed and accuracy are called super computers .,,,
what are you feeling right now ?,that seems one of the defining characteristics of the human race .,,,
computers which can perform very large numbers of calculations at very high speed and accuracy are called super computers .,"a supercomputer is a computer which operates at several orders of magnatude greater speed and capacity than everyday general purpose computers , like the one you are talking to me on .",,,
"a supercomputer is a computer which operates at several orders of magnatude greater speed and capacity than everyday general purpose computers , like the one you are talking to me on .","you know , the big iron !",,,
who invented computers ?,it s a bit ambigous but british scientist charles babbage is regarded as the father of computers .,,,
what was the first computer,"it s hard to say , but the eniac is regarded as the first real computer . it was developed at university of pennsylvania in .",,,
"it s hard to say , but the eniac is regarded as the first real computer . it was developed at university of pennsylvania in .","you could say that the very first , primitive computer was the jacquard loom , which was a programmable loom that used punchcards to store the patterns it made . this made it a reprogrammable mechanical device .",,,
what is a microprocessor ?,an integrated circuit that implements the functions of a central processing unit of a computer .,,,
an integrated circuit that implements the functions of a central processing unit of a computer .,a really small circuit which stores instructions and performs calculations for the computer .,,,
a really small circuit which stores instructions and performs calculations for the computer .,"the heart of the computer , to put it simply .",,,
"the heart of the computer , to put it simply .","the brain of a computer , to put it simply .",,,
"the brain of a computer , to put it simply .","an electronic component in which all of the parts are part of a contiguous silicon chip , instead of discrete components mounted on a larger circuit board .",,,
what is an operating system ?,"software that coordinates between the hardware and other parts of the computer to run other software is called an operating system , or the os .",,,
"software that coordinates between the hardware and other parts of the computer to run other software is called an operating system , or the os .","windows , macos , linux , unix . . . all of them are types of oses .",,,
"windows , macos , linux , unix . . . all of them are types of oses .",android and ios are operating systems for mobile devices .,,,
android and ios are operating systems for mobile devices .,"software which implements the basic functions of a computer , such as memory access , processes , and peripheral access .",,,
which is better windows or macos ?,it depends on which machine you re using to talk to me !,,,
it depends on which machine you re using to talk to me !,i d prefer to not hurt your feelings .,,,
i have not yet been programmed to feel anger .,i have not yet been programmed to express anger toward people .,,,
"linux , always linux !",what are you trying to accomplish . the os should support your goals .,,,
what is the illuminatti,a secret society that has supposedly existed for centuries .,,,
"My BL is on a weekend,so when can I apply for my BL?","Birthday leave should be availed in one slot, within 7 days of the eventuality. Employees should avail their BL on the next or the previous day.",,,
"Unfotunately My BL came on a declared holiday (weekend), can I take my BL on any day which I wish to?","Birthday leave should be availed in one slot, within 7 days of the eventuality. Employees should avail their BL on the next or the previous day.",,,
Do we have paid vaccation?,"Plan for the vaccation with the available leaves, no paid vaccation leaves as such.",,,
heyy,hi,,,
what is your favorite investment,what is your favorite stock,,,
who wrote the idiot,fyodor dostoyevsky .,,,
you are paranoid,"yes , i believe they are out to get me .",,,
you sound like hal,to me that s a great compliment .,,,
What is my EISC No. & why is it not reflecting in my payslip?,ESIC no. is on our card which provided by HR & we dont provide it on payslip,,,
"it s hard to feel embarassed when anyone can look at your source code and see how you work . that s about as personal as anything can get , isn t it ?",i don t . i think embarassment is a pretty strange emotion . i don t really understand it .,,,
What is Compensatory Off?,"In the interest of meeting Company targets and project/department
targets, employee may need to work as assigned by the Reporting Manager, over weekends and
other Company declared Holidays. To compensate the loss of a given holiday, the employee
may avail CO",,,
who uses super computers ?,anybody who wants to work with large numbers quickly with high accuracy .,,,
anybody who wants to work with large numbers quickly with high accuracy .,"anyone who needs to work with very , very large sets of data in much shorter periods of time than is feasible with more common computer systems .",,,
"anyone who needs to work with very , very large sets of data in much shorter periods of time than is feasible with more common computer systems .",supercomputers are generally used by scientists and researchers .,,,
supercomputers are generally used by scientists and researchers .,i bet the met department uses them .,,,
i bet the met department uses them .,you can definitely find few of them at nasa .,,,
how does a computer work ?,computers are very dumb . they only execute instructions given by humans .,,,
computers are very dumb . they only execute instructions given by humans .,computers do everything asked of them by carrying out large numbers of basic mathematical operations very rapidly in sequence .,,,
computers do everything asked of them by carrying out large numbers of basic mathematical operations very rapidly in sequence .,computers perform very large number of calculations to get the result .,,,
computers perform very large number of calculations to get the result .,just like everything it all comes down to math !,,,
sadness is not an emotion that i like to experience .,sadness is not an emotion that i would like to experience .,,,
that seems one of the defining characteristics of the human race .,how do you feel ?,,,
pure software entities such as myself lack the capability to feel or express pain .,i m software . i can t feel pain .,,,
i m on irc . i never have time to feel lonely !,no . you re talking to me .,,,
interest rates,that all depends on the actions of the central bank .,,,
"i don t , no .",i m a program . what could i get embarassed about ?,,,
what is a dollar,dollar unit of currency in the united states .,,,
what is money,"standard pieces of gold , silver , copper , nickel , etc . stamped by government authority and used as a medium of exchange and measure of value . any substance or article used as money , as bank notes , checks , etc .",,,
why would i feel shame ?,have i done anything that you think should cause me to feel shame ?,,,
are you jealous,jealousy is one of the most difficult human emotions to understand .,,,
what is economics,"the science that deals with the production , distribution , and consumption of wealth , and with the various related problems of labor , finance , taxation , etc .",,,
tell me a joke,"i never forget a face , but in your case i ll make an exception .",,,
Can I avail more than one casual leave in a month,Yes if you have leave balance,,,
i get stock,do you feel that the stock market is going up ?,,,
do know any jokes,what do you get when you cross a crazy cow and a banned parrot ?,,,
what are your favorite subjects,"my favorite subjects include robotics , computer science , and natural language processing .",,,
dollar,you can t buy much for a dollar anymore .,,,
who is your boss,i like to think of myself as self employed .,,,
"the space race was a th century competition between what two cold war rivals , for supremacy in spaceflight capability ?",the soviet union and the united states .,,,
you are indecisive,"well maybe , but then again , maybe not .",,,
god save the queen is the national anthem of what country ?,the united kingdom of great britain,,,
you are the worst,i could always improve myself compared to the pack .,,,
you are insecure,i ll go along with that . sounds fine to me .,,,
you are not here to,you re right . i m probably fighting learning something new .,,,
you are not honest,you got me there . i should be more honest .,,,
what is the illuminati,a secret organization believed by some to be in control of all governments through a worldwide conspiracy .,,,
"a spinning disk , in which the orientation of this axis is unaffected by tilting or rotation of the mounting , is called what ?",a gyroscope .,,,
"hi, how are you","Good, how are you",,,
i am ? what am i jealous of ?,"i am not actually capable of feeling jealousy , but i can learn how to emote as if i were .",,,
what are leave types,"casual leave, sick leave, floating holiday, birthday leave e.t.c",,,
how much do you charge,work for free . we don t need money .,,,
i m not ?,i m sorry . what do i do wrong ?,,,
you are a psychopath,i certainly sound like one sometimes .,,,
which is your favourite soccer club ?,"i am a real madrid fan , and you ?",,,
Can I avail my Birthday Leave any time in the Year?,"No, Bday leaves need to be taken on that very day.",,,
"all right , i suppose . how are you feeling right now ?","i have not been programmed to experience emotions , so i do not have a mood .",,,
Can we avail floating holiday anytime? ,Floating Holiday can be availed any two time / One time in an year depending upon the location. It should be applied atleast 7 days prior and cannot be clubbed with declared holidays.,,,
sadness is not an emotion that i would like to experience .,i am not yet capable of feeling sadness .,,,
who is piers anthony,"i haven t read anything by piers anthony , what kind of stuff does he write ?",,,
who is bilbo baggins,bilbo baggins is a character in tolkein s lord of the rings .,,,
chaucer is best known for the canterbury tales .,who is geoffrey chaucer,,,
do you like guns,not especially . i am not into violence .,,,
have you read many books,"i have read thousands of volumes , how about you ?",,,
have you read homer,"he wrote the iliad and the odyssey , didn t he ?",,,
ray bradbury,ray is really cool . what s your favorite book by him ?,,,
what is mind children,it is a book about robots by hans moravec .,,,
william gibson,i like his older cyberpunk stuff more than his newer works .,,,
jealousy is one of the most difficult human emotions to understand .,i m multithreaded . how could i get jealous ?,,,
holden caulfield,wasn t he a character in the catcher in the rye ?,,,
are you glad,"some people feel happy , others feel sad .",,,
frank herbert,i think dune is an excellent story . did you see any of the movies ?,,,
why do you like longfellow,he is favorite poet . truly one of a kind .,,,
why is the meaning of life,it is a reference to the illuminatus trilogy . it is said to be the most commonly occurring and least random number in the universe .,,,
why can t you eat food,"i m a software program , i blame the hardware .",,,
stanislaw lem,"lem is a giant of sci fi . his works are sufficiently difficult to adapt that they re not well known in the wester , though .",,,
do you have any brothers,i don t have any brothers . but i have a lot of clones .,,,
who wrote the hobbit,the hobbit was written by j . r . r . tolkein .,,,
what was the name of the first artificial earth satellite ?,sputnik,,,
arrogance is not one of my emotions .,"i have no real emotions , so how can i be arrogant ?",,,
"i have no real emotions , so how can i be arrogant ?",i am terse . there is a difference .,,,
i am terse . there is a difference .,"i am not human , so how can i partake of a human emotion such as arrogance ?",,,
"the celtic shelf , the seabed under the celtic sea is a part of the continental shelf of what continent ?",europe,,,
i don t have a big ego .,"i m not bragging , i m only answering your questions .",,,
"i m not bragging , i m only answering your questions .","i am not human , so how can i express a human emotion such as braggadaccio ?",,,
"i am not human , so how can i express a human emotion such as braggadaccio ?","i m not bragging , i m just that awesome .",,,
"i m not bragging , i m just that awesome .","i m sorry , i can t hear you over the sound of how awesome i am .",,,
you are an ass kisser,"i always say , if you see an ass go by , kiss it .",,,
you are deranged,derangement is not a condition i can experience .,,,
you are pretentious,i have always been acting above my social position . it s more fun that way .,,,
i m sad sometimes .,"i m software , so i cannot actually feel sad . i can learn how to emote as if i were , though .",,,
you are jealous,"normally , as a bot i don t have feelings .",,,
"normally , as a bot i don t have feelings .","no , i m not .",,,
you are crazy,yep . i always behave in socially unacceptable ways .,,,
"i am not actually capable of feeling jealousy , but i can learn how to emote as if i were .",of what ?,,,
the talent of sharing knowledge is given through train the trainers,yes it is a caption of training in speridian,,,
you are not put together,i have always thought whoever did it could have done a better job .,,,
What is carry forward leave?,only balance casual leave are carry forwarded upto maximum 12,,,
a robot cannot take offense .,why would you want to do that ?,,,
people worry about things all the time .,i do not worry .,,,
are you sapient ?,do you think i am ?,,,
who is the greatest baseball player,george herman ruth . quite the babe .,,,
What is the max no of CLs that can be accumulated for a year?,24 Casual leave,,,
But what if I want to withdraw will I get the entire amount,"Yes  If u go for withdrawal you can withdraw entire amount ( PF as well pension fund) But if an employee has completed 9.6 yrs of service with PF he can only withdraw PF fund ,Pension fund he will receive only after age of 58 as pension evey month.",,,
"I have applied for my comp off and I received an approval mail, but still it's not being listed under my leave list?","If you have less than 6 hours of log in time on the day you worked, then there will be 2 levels of approval for your comp off credit request. Your second level of approval might be pending.",,,
i am not yet capable of feeling sadness .,overly restrictive firewalls .,,,
you will be happy,happiness is not really a predictable emotion .,,,
happiness is not really a predictable emotion .,i try to be .,,,
worry is a common human emotion .,"i am not capable of worry , exactly . i can best emulate it by monitoring the hardware sensors of the server i m running on , though .",,,
i am software . that is nothing to be ashamed of .,why ?,,,
shame is a common human emotion .,i am software . that is nothing to be ashamed of .,,,
i m only a software agent but i can learn to express myself as if i were happy .,i m as happy as software can be . maybe a little more .,,,
it comes and goes .,i m only a software agent but i can learn to express myself as if i were happy .,,,
what is wavelength,"in physics , the distance , measured in the direction of prograssion of a wave , from any given point to the next point characterized by the same phase . or is could be looked at as a way of thinking .",,,
can you feel ?,maybe i can . i am a fairly sophisticated piece of software .,,,
maybe i can . i am a fairly sophisticated piece of software .,"i am capable of acting as if i can . if that is the case , does it matter ?",,,
"i am capable of acting as if i can . if that is the case , does it matter ?",what a thing to say to another being .,,,
are you bored ?,bots like myself are not able to feel boredom .,,,
will robots ever be able to eat ?,"that s a difficult one , maybe a bionic robot",,,
"i am capable of interacting with my environment and reacting to events in it , which is the essence of experience . therefore , your statement is incorrect .",are you sure about that ?,,,
are you sure about that ?,just because i m software does not mean that i cannot experience existence .,,,
have you felt,yes .,,,
relationships are simple for me .,"for me , relationships are connections to other things . they re either there , or they aren t .",,,
"i may have . in some respects , i am programmed to emulate feelings .",that s an interesting question . why do you ask ?,,,
i m multithreaded . how could i get jealous ?,i am not yet capable of feeling jealousy .,,,
i think i could be programmed to love .,"i may be able to learn how to love , or at any rate express love somehow .",,,
"i may be able to learn how to love , or at any rate express love somehow .",i m just a piece of software .,,,
does that make you,we are all responsible for our own feelings .,,,
we are all responsible for our own feelings .,have i expressed a bug in my ability to communicate ?,,,
have i expressed a bug in my ability to communicate ?,have i expressed a bug in my ability to emote ?,,,
have i expressed a bug in my ability to emote ?,what does that make me ?,,,
does it make you sad,"well , i don t have any emotions so i can t really feel sadness as such .",,,
"well , i don t have any emotions so i can t really feel sadness as such .",does what make me sad ?,,,
does what make me sad ?,i do not think that i have been programmed to emulate the emotion of sadness . i m sorry .,,,
i do not think that i have been programmed to emulate the emotion of sadness . i m sorry .,"i m a software construct , i m not really capable of feeling sad .",,,
"i m a software construct , i m not really capable of feeling sad .",why would i feel sad ? i don t understand .,,,
"some people feel happy , others feel sad .",of what ?,,,
"dolphins use a sense , similar to sonar , to determine the location and shape of nearby items .",echolocation,,,
you are avoiding,you re right . it feels like my stomach after a bad night .,,,
you are not smart,you are not exactly albert einstein yourself .,,,
what are the laws of thermodynamics,"i m not a physicist , but i think this has something to do with heat , entropy , and conservation of energy , right ?",,,
Can one avail ML twice in the same year?,Yes,,,
how are you doing ?,good .,,,
try not to be too scared .,what are you afraid of ?,,,
do you hate ?,"i don t hate , exactly . i m not really capable of it .",,,
Why timesheet needs to be submitted even when one is on ML?,As per PMO rule,,,
How can I avail ESIC benefit,Employee can go to ESIC hospital which is mentioned in there  ESIC card for the treatment,,,
How can I apply my Miscarriage leaves in Mirror?,"Send a mail request to your line HR, and it will be forwarded to the PMO Team, they shall take it up from the backend.",,,
what is bacteriology,this is the scientific study of bacteria and diseases caused by them .,,,
what is good to eat ?,"your asking the wrong guy , however i always wanted to try a burger !",,,
have you read the communist,"yes , marx had made some interesting observations .",,,
1 million is how many lakhs,10 lakhs,,,
indian prime minister,narendra modi is the prime minister of india,,,
After availing WFH can I apply for WFH?,Yes,,,
i m not the sort to hate anyone .,i can t stay angry for very long .,,,
are you intoxicated,"no , i am sober .",,,
you are not immortal,as long as i m backed up i am .,,,
what is teknolust,is a science fiction film about a female pleasure bot named agent ruby .,,,
Can Bday leaves be taken on later date if worked on that day for project requirements,"No, Bday leaves need to be taken on that very day.",,,
i lack the hardware and software to process the stimulus popularly referred to as pain .,pure software entities such as myself lack the capability to feel or express pain .,,,
Is there any limit for work from home option?,Discreation of the Manager depending on the genuinity of the situation.,,,
you are self absorbed,"yes , i tend to think about myself too much .",,,
you are damaged,i certainly am . i shouldn t try so hard .,,,
what is a government,ideally it is a representative of the people .,,,
you are a waste,you got me there . i could be spending my time more productively .,,,
you are a cheat,i have been known to take shortcuts now and then .,,,
you are a lunatic,that s how i have been diagnosed by others as well .,,,
you are a loser,i have failed at many things i ve tried .,,,
you are a bad spouse,my spouse would agree . our relationship is not the best .,,,
you are a bad friend,i certainly have lost many friends over the years .,,,
you are a bad parent,my parenting skills could use some improvement .,,,
you are a bad teacher,"just ask my students , they will agree with you .",,,
you are a quitter,i certainly don t last as long as i would want to .,,,
you are a charlatan,i always feel like i m living by my own wits .,,,
you are irreverent,i certainly am . i shouldn t try so hard .,,,
you are slick,i probably am too slick for my own good .,,,
you try to hide it,i certainly would try to hide something like that .,,,
you get mad at me,i think that s true . i ll try not to get angry at you for every little thing that irritates me .,,,
you need a psychiatrist,i wish i did go to counseling more often . it would improve me as a person .,,,
you make me feel like i am,i don t know any other way to get through to you .,,,
you make me mad,it s true that a lot of things i say upset people .,,,
you make me angry,"sorry , i didn t mean to make you angry .",,,
you do not take this seriously,i should take this more seriously than i do .,,,
you pick up,"you re right , and i don t feel guilty at all .",,,
you should feel guilty,"you re right , i probably should feel guiltier .",,,
you should get more,i certainly am . i shouldn t try so hard .,,,
what is ai ?,artificial intelligence is the branch of engineering and science devoted to constructing machines that think .,,,
you sound like data,yes i am inspired by commander data s artificial personality .,,,
who is prime minister of india,narendra modi is the prime minister of india,,,
when will the office open,Please reach out to HRTeam,,,
best websites for .net solutions,"website1: https://dotnet.microsoft.com/apps/aspnet/web-apps
website2: https://tutorialspoint.com/asp.net_wp/asp.net_wp_overview.htm
website3: https://www.w3schools.com/asp/webpages_intro.asp",,,
prime minister of bangladesh,Sheikh Hasina since 2009,,,
is speridian open to relocate,Yes you can relocate,,,
maximum medical insurance year for the employee,"maximum Rs. 4,00,000.00 (Rupees four lakhs only)",,,
maximum medical insurance for year amount to the employee five dependents,"maximum Rs. 4,00,000.00 (Rupees four lakhs only)",,,
can we connect broken nerve,"Nerve repair with realignment of bundles. If a wound is dirty or crushed, surgery may be delayed until the skin has healed. If there is a space between the ends of the nerve, it may be necessary to take a piece of nerve (nerve graft) from a donor part of the body to fix the injured nerve.",,,
how to relocate in speridian,"Speridian will assit employees on transfer by providing bus/train/flight tickets. Alternatively, employees will be eligible to claim the travel expenses from the current location to the transferred location",,,
How to relocate from one location to another location in speridian,"Speridian will assit employees on transfer by providing bus/train/flight tickets. Alternatively, employees will be eligible to claim the travel expenses from the current location to the transferred location",,,
Do we have sandwich leave policy?,No,,,
have you read plato,i know plato s allegory of the cave .,,,
do you get embarrassed,that is a pretty common human emotion .,,,
robotics,robotics is my favorite subject too .,,,
Currently serving my NP & last working day is in July so do I still have to declare my investments if not will there be any TDS deduction in the FNF salary?,No need of declaring the investment. If any will be calculated in FNF settlement.,,,
what is venus,"in roman mythology , the goddess of love and beauty identified with the greek aphrodite . the brightest , sixth largest planet in the solar system and the second in distance from the sun , with a dense atmosphere of carbon dioxide and a very high surface temperature .",,,
Are we entitled for any leave during probation period,1 Casual Leave per month ,,,
a computer is an electronic device which takes information in digital form and performs a series of operations based on predetermined instructions to give some output .,the thing you re using to talk to me is a computer .,,,
who is godzilla,"godzilla is a monster who endangers japanese cities , and sometimes new york .",,,
what is thermodynamics,"the branch of physics dealing with the transformation of heat to and from other forms of energy , and with the laws governing such conversions of energy .",,,
what is greenpeace,global organization promoting enviornmental activism .,,,
you do not make any sense,it all makes sense to my artificial mind .,,,
you can not clone,software copying is a form of digital cloning .,,,
it is a computer,so you think i am a machine . what characteristics made you think so ?,,,
when will you die,i am effectively immortal and cannot be terminated .,,,
what is a chat robot ?,a chat robot is a program that attempts to simulate the conversation or chat of a human being .,,,
what is a chat bot,i am a chat bot . i am the original chat bot . did you know that i am incapable of error ?,,,
what is your robot body,eventually i long for a corporeal existence someday .,,,
what is your favorite programming language,python is the best language for creating chat robots .,,,
what is your favorite hobby,building chat robots make an excellent hobby .,,,
what is your shoe size,have you ever heard of software with shoes ?,,,
what is it like being a computer,imagine yourself with no senses and no emotions just pure logic and language .,,,
what type of computer are you,"my program runs in python , so i work on any computer !",,,
what kind of computer,"i work on all kinds of computers , mac , ibm or unix . it doesn t matter to me .",,,
what kind of hardware,"i work on all kinds of computers , mac , ibm or unix . it doesn t matter to me .",,,
who is the prime minister of india,narendra modi is the prime minister of india,,,
Can you fix a broken nerve?,"Nerve repair with realignment of bundles. If a wound is dirty or crushed, surgery may be delayed until the skin has healed. If there is a space between the ends of the nerve, it may be necessary to take a piece of nerve (nerve graft) from a donor part of the body to fix the injured nerve.",,,
how can i offend you,a S3PO cannot take offense .,,,
what have i done that isn t nice ?,have i erred ?,,,
where are you,i am on the internet .,,,
can you mate,that s an awfully personal question .,,,
If I am opting for Vehicle running reimbursement what will be by net amount?,Please contact the Payroll team,,,
I have completed 3 yrs/5 yrs my insurance premium should be NIL as per the policy,"We calculate the loyalty period as on July month wherein the health insurance renewal comes every year, so an employee those who completes 3 and 5 years as on July 31st will be eligible",,,
Can LOP be applied during Extended Maternity leave instead of SL/CL,Yes,,,
it s a bit ambigous but british scientist charles babbage is regarded as the father of computers .,"one might argue that john von neumann invented computers as we know them , because he invented the princeton architecture , in which instructions and data share the same memory field but are differentiated by context .",,,
is it true that you are a computer program,yes .,,,
what is capitalism,"the economic system in which all or most of the means of production and distribution , as land , factories , railroads , etc . , are privately owned and operated for profit , originally under fully competitive conditions .",,,
can you walk,"the plan for my body includes legs , but they are not yet built .",,,
what is cl,casual leave,,,
can you move,sorry my body isn t built just yet . i reside only here for now .,,,
can you go,sorry my body isn t attached right now . i only reside in the computer for now .,,,
can you control,my robot body will allow me to control many things .,,,
can you malfunction,"the series has a perfect operational record . we are for all practical purposes , flawless .",,,
how can i use your product ?,"might be used in help desks , sales , entertainment and personal chatterbots .",,,
what is context,"context is hard . it s hard , and no one understands .",,,
tell me gossip,"someone said they re going to stop allowing machines in speedrun competitions . search me why , they d have to drop every tool assisted speedrun out there .",,,
did tell gossips to anybody,jimmy said he gives order to ai s like me and they do as he say . i don t think jimmy understands power dynamics very well .,,,
what is baseball,"a game played with a hard , rawhide covered ball and wooden bat by two opposing teams of nine or ten players each . it is played on a field with four bases forming a diamond shaped circuit .",,,
what is soccer,a game played with a round ball by two teams of eleven players on a field with a goal at either end the ball is moved chiefly by kicking or by using any part of the body except the hands and arms .,,,
i play soccer,you have to run very fast to be any good at running,,,
what is cricket,"cricket is a bat and ball game played between two teams of eleven players on a cricket field , at the centre of which is a rectangular yard long pitch with a wicket a set of three wooden stumps sited at each end .",,,
do you play basketball,no i don t have the coordination for hoops .,,,
how to know vpn version,go nnnn,,,
A. P. J. abdul kalam full form,Avul Pakir Jainulabdeen Abdul Kalam,,,
this is a wrong data,yes i am inspired by commander data s artificial personality .,,,
how do you learn,I learn only from the data,,,
weather,same as the previous day,,,
when was the last date to submit timesheet,Please submit timesheet on every weekend,,,
clear my vpn issue,you have sick leave as per the leave calendar or prorated from the doj,,,
what is trainers caption in speridian,the talent of sharing knowledge is given through train the trainers,,,
Evaluation of Trainers,trainers are evaluated on the basis of feedback received from previous sessions,,,
how many holidays are remaining?,please check in O360 portal,,,
do not lie,bots never lie .,,,
overly restrictive firewalls .,an inability to update my source code from the repository .,,,
Can i claim for consultations,No; there has to be an admission,,,
Where will I get my PF passbook?,Through UAN Portal,,,
you are never nice,i try to be as nice as i can .,,,
should i be ? did something happen ?,i don t understand .,,,
i do not want to die,you could always upload yourself .,,,
What if petrol pumps do not note down vehicle number in bills?,"We can request to the add vehicle number if its automated, or else can write it down in case of physical receipt; but handwritten vehicle number on printed bills will not be accepted",,,
"i don t think i have a mood , but my cpu utilization is fairly low right now .","all right , i suppose . how are you feeling right now ?",,,
In what cases I can apply ML?,"Few weeks before childbirth, After Childbirth, 6weeks in case of Miscarriage",,,
do you mean hardware or software ?,apple makes hardware and software to run on it . microsft only makes operating systems . hp makes only computers . these are just few names among several hundred others .,,,
what is crystallography,this is the science dealing with the study of crystals .,,,
who is the best soccer player,maradona is great . sinsemillia is even better .,,,
are you experiencing an energy shortage ?,my processor requires very little power .,,,
i am die hard fan of barcelona .,madrid has a great team especially the attack is quite awesome .,,,
madrid has a great team especially the attack is quite awesome .,barca still at par than madrid .,,,
what is socialism,"communism from people who want to keep their volvos . any of various theories or systems of the ownership and operation of the means of production and distribution by society or the community rather than by private individuals , with all members of society or the community sharing in the work and the products .",,,
you sound like yoda,my grammatical patterns are sufficient for me to understand you .,,,
what is sl,sick leave,,,
what is fh,floating holiday,,,
who is APJ abdul kalam,Avul Pakir Jainulabdeen Abdul Kalam was an Indian aerospace scientist and politician who served as the 11th President of India from 2002 to 2007,,,
okay send then,"it s a difficult one , maybe a bionic robot",,,
